{
  "config": {
    "count": 20,
    "width": 320,
    "height": 240,
    "seed": 1,
    "max_angle": 85.0
  },
  "overall_mean_iou": 0.8797006332450247,
  "cells": {
    "0|dark-wood": {
      "iou_sum": 1.9568345323741008,
      "n": 2,
      "found": 2,
      "mean_iou": 0.9784172661870504,
      "best_iou": 0.9784172661870504,
      "worst_iou": 0.9784172661870504
    },
    "5|dark-wood": {
      "iou_sum": 1.9514301943294272,
      "n": 2,
      "found": 2,
      "mean_iou": 0.9757150971647136,
      "best_iou": 0.9757150971647136,
      "worst_iou": 0.9757150971647136
    },
    "10|dark-wood": {
      "iou_sum": 1.9773745924917618,
      "n": 2,
      "found": 2,
      "mean_iou": 0.9886872962458809,
      "best_iou": 0.9886872962458809,
      "worst_iou": 0.9886872962458809
    },
    "15|dark-wood": {
      "iou_sum": 1.962056191899222,
      "n": 2,
      "found": 2,
      "mean_iou": 0.981028095949611,
      "best_iou": 0.981028095949611,
      "worst_iou": 0.981028095949611
    },
    "20|dark-wood": {
      "iou_sum": 1.9508080937479664,
      "n": 2,
      "found": 2,
      "mean_iou": 0.9754040468739832,
      "best_iou": 0.9754040468739832,
      "worst_iou": 0.9754040468739832
    },
    "25|dark-wood": {
      "iou_sum": 1.9549490642185379,
      "n": 2,
      "found": 2,
      "mean_iou": 0.9774745321092689,
      "best_iou": 0.9774745321092689,
      "worst_iou": 0.9774745321092689
    },
    "30|dark-wood": {
      "iou_sum": 1.9509278016728049,
      "n": 2,
      "found": 2,
      "mean_iou": 0.9754639008364024,
      "best_iou": 0.9754639008364024,
      "worst_iou": 0.9754639008364024
    },
    "35|dark-wood": {
      "iou_sum": 1.940109696161636,
      "n": 2,
      "found": 2,
      "mean_iou": 0.970054848080818,
      "best_iou": 0.970054848080818,
      "worst_iou": 0.970054848080818
    },
    "40|dark-wood": {
      "iou_sum": 1.9495224980050347,
      "n": 2,
      "found": 2,
      "mean_iou": 0.9747612490025174,
      "best_iou": 0.9747612490025174,
      "worst_iou": 0.9747612490025174
    },
    "45|dark-wood": {
      "iou_sum": 0.0,
      "n": 2,
      "found": 0,
      "mean_iou": 0.0,
      "best_iou": -1,
      "worst_iou": 2
    }
  }
}