{
  "config": {
    "count": 10,
    "rot_min": 0.0,
    "rot_max": 30.0,
    "rot_step": 5.0,
    "seed": 1
  },
  "cells": {
    "0.0|wood_dark": {
      "iou_sum": 9.954762208904478,
      "found": 10,
      "n": 10
    },
    "5.0|wood_dark": {
      "iou_sum": 9.965173818748829,
      "found": 10,
      "n": 10
    },
    "10.0|wood_dark": {
      "iou_sum": 9.961670822411014,
      "found": 10,
      "n": 10
    },
    "15.0|wood_dark": {
      "iou_sum": 9.948180412696185,
      "found": 10,
      "n": 10
    },
    "20.0|wood_dark": {
      "iou_sum": 9.9116026998501,
      "found": 10,
      "n": 10
    },
    "25.0|wood_dark": {
      "iou_sum": 9.895905177549896,
      "found": 10,
      "n": 10
    },
    "30.0|wood_dark": {
      "iou_sum": 9.887844189057365,
      "found": 10,
      "n": 10
    },
    "0.0|wood_warm": {
      "iou_sum": 9.969163623152497,
      "found": 10,
      "n": 10
    },
    "5.0|wood_warm": {
      "iou_sum": 9.964493182505596,
      "found": 10,
      "n": 10
    },
    "10.0|wood_warm": {
      "iou_sum": 9.949981226242791,
      "found": 10,
      "n": 10
    },
    "15.0|wood_warm": {
      "iou_sum": 9.926013853511522,
      "found": 10,
      "n": 10
    },
    "20.0|wood_warm": {
      "iou_sum": 9.8971476008642,
      "found": 10,
      "n": 10
    },
    "25.0|wood_warm": {
      "iou_sum": 9.884065726330837,
      "found": 10,
      "n": 10
    },
    "30.0|wood_warm": {
      "iou_sum": 9.856522745119442,
      "found": 10,
      "n": 10
    },
    "0.0|wood_olive": {
      "iou_sum": 9.96379910441304,
      "found": 10,
      "n": 10
    },
    "5.0|wood_olive": {
      "iou_sum": 9.96476185000213,
      "found": 10,
      "n": 10
    },
    "10.0|wood_olive": {
      "iou_sum": 9.940308700335704,
      "found": 10,
      "n": 10
    },
    "15.0|wood_olive": {
      "iou_sum": 9.916388776980437,
      "found": 10,
      "n": 10
    },
    "20.0|wood_olive": {
      "iou_sum": 9.881329807632362,
      "found": 10,
      "n": 10
    },
    "25.0|wood_olive": {
      "iou_sum": 9.869386724820602,
      "found": 10,
      "n": 10
    },
    "30.0|wood_olive": {
      "iou_sum": 9.861413132149849,
      "found": 10,
      "n": 10
    }
  },
  "overall_mean_iou": 0.992237692301328
}