{
  "w": 480,
  "h": 640,
  "bytes": 921600,
  "time": 1784544063.588959,
  "rawQuad": [
    84.8864907423653,
    168.8062945424358,
    384.8862441082468,
    289.8378789819389,
    396.1794657145556,
    488.09912019753324,
    77.27711006452074,
    558.8086987510652
  ],
  "smoothQuad": [
    105.82336607417906,
    171.67330341261683,
    383.2855428532846,
    270.56453277296646,
    408.41827887233353,
    483.2698109335822,
    73.08808334451378,
    556.5819936610349
  ],
  "centroid": {
    "cx": 235.8073276574221,
    "cy": 376.38799811824333
  },
  "conf": null,
  "detMs": -1,
  "dumpIdx": 2
}