{
  "w": 480,
  "h": 640,
  "bytes": 921600,
  "time": 1784544057.41594,
  "rawQuad": [
    279.75617568090576,
    204.25374462024143,
    405.2691328559357,
    89.40148139887603,
    472.07019845505795,
    557.1884623396135,
    267.055922703364,
    494.6849483037617
  ],
  "smoothQuad": [
    280.0075816126833,
    198.9408438465547,
    407.05817462042177,
    78.2748724937836,
    462.5506651668682,
    549.3611399935351,
    265.90569739305823,
    494.10916249471467
  ],
  "centroid": {
    "cx": 356.0378574238159,
    "cy": 336.38215916562314
  },
  "conf": null,
  "detMs": -1,
  "dumpIdx": 1
}