{
  "w": 480,
  "h": 640,
  "bytes": 921600,
  "time": 1784544068.86127,
  "rawQuad": [
    153.77568957778507,
    219.8704771168853,
    393.7455461996585,
    107.73176125053106,
    488.7788670106828,
    555.0382206772277,
    313.3091240205478,
    478.7442118424544
  ],
  "smoothQuad": [
    138.9594515352803,
    218.75948650750078,
    391.9081027516487,
    107.17352338204925,
    487.69034160407455,
    533.2605528528438,
    299.56204317586906,
    446.41042242644323
  ],
  "centroid": {
    "cx": 337.4023067021686,
    "cy": 340.34616772177463
  },
  "conf": null,
  "detMs": -1,
  "dumpIdx": 3
}